Metric,Value
hit@5,0.001
hit@10,0.001
ndcg@5,0.0003868528072345416
ndcg@10,0.0003868528072345416
