Metric,Value
hit@5,0.002
hit@10,0.002
ndcg@5,0.0008613531161467861
ndcg@10,0.0008613531161467861
